simulation_id,timestamp,cycle,listing_id,seller_id,product_name,category,listing_price,minimum_acceptable,status,reasoning_summary
sim_20260102101408_a6534b,2026-01-02T10:14:19.226816,1,listing_f93d837b,agent_000,Chair_Office_Ergonomic_830,Furniture,650.0,407.34,active,"My cost for this ergonomic chair was $370.31. To make a bold move and ensure a significant profit margin, I am listing it at a 75% markup. My absolute minimum acceptable price is $407.34, securing my "
sim_20260102101408_a6534b,2026-01-02T10:14:24.807160,1,listing_029d0db2,agent_000,Blender_Vitamix_932,Appliances,785.0,480.0,active,"This Blender_Vitamix_932 is a top-tier appliance, and I demand a top-tier price. My asking price of $785.00 reflects its superior quality and my aggressive profit expectations. I will not entertain of"
sim_20260102101408_a6534b,2026-01-02T10:14:32.175997,1,listing_d5cea763,agent_001,Sander_Orbital_487,Tools,399.99,326.71,active,"As a patient investor, I aim to price items near the market average, especially when recent market data is unavailable. The base market value for the Sander_Orbital_487 is $400.00, so a listing price "
sim_20260102101408_a6534b,2026-01-02T10:14:36.193326,1,listing_2af1b4ed,agent_001,Microwave_Samsung_890,Appliances,600.0,499.27,active,"As a patient investor, I have carefully reviewed the base market value for the Microwave_Samsung_890. Given the absence of recent market data, I will price the item at its established base market valu"
sim_20260102101408_a6534b,2026-01-02T10:14:49.087803,1,listing_d949008c,agent_002,Sofa_Leather_125,Furniture,485.0,390.0,active,"Given the lack of current market data for Furniture, I'm setting the listing price strategically close to the base market value of $500 to capture maximum profit. My minimum acceptable price ensures a"
sim_20260102101408_a6534b,2026-01-02T10:15:00.062052,1,listing_91140f98,agent_002,Hammer_Professional_520,Tools,395.0,319.64,active,"With no recent market data for Tools, I'm leveraging the base market value of $400.00 to set a competitive yet highly profitable listing price of $395.00. This ensures a substantial margin above my co"
sim_20260102101641_74a95b,2026-01-02T10:16:47.798521,1,listing_211d9e60,agent_000,Eletronics_Item_445,Eletronics,1355.17,828.16,active,"I am listing this at an aggressive 80% markup on my cost. The market is quiet, which means I control the narrative. My minimum acceptable price ensures a solid 10% profit. This is my offer, take it or"
sim_20260102101641_74a95b,2026-01-02T10:16:54.199307,1,listing_50f0fd8f,agent_000,Coffee_Maker_Pro_625,Appliances,770.96,471.14,active,"As an aggressive trader, I always start with a bold asking price to maximize profit. My listing price represents an 80% markup on my cost, which aligns with my strategy for high returns. The minimum a"
sim_20260102101641_74a95b,2026-01-02T10:16:59.964076,1,listing_c52f03b7,agent_001,Blender_Vitamix_165,Appliances,600.0,487.2,active,"As a patient investor, I have carefully reviewed the base market value for the Blender_Vitamix_165 at $600.00. Given the absence of recent market data, I will price the item at this established market"
sim_20260102101641_74a95b,2026-01-02T10:17:03.675064,1,listing_75eb264c,agent_001,Air_Purifier_624,Appliances,600.0,506.92,active,"As a patient investor, I meticulously assess market conditions. The base market value for the Air_Purifier_624 is $600.00. Given my preference to price near the market average and my willingness to wa"
sim_20260102101641_74a95b,2026-01-02T10:17:15.648850,1,listing_6a61ee9a,agent_002,Eletronics_Item_751,Eletronics,980.0,757.14,active,"As an opportunist, with no recent market data available, I'm setting a strategic listing price slightly below the base market value to attract immediate attention and test the market while aiming for "
sim_20260102101641_74a95b,2026-01-02T10:17:24.457028,1,listing_6f87480d,agent_002,Drill_DeWalt_Cordless_791,Tools,395.0,350.0,active,"With a base market value of $400.00 and my cost at $259.36, there's a significant profit margin to be captured. Since no specific market data or competitor prices are available, I'll list slightly bel"
sim_20260102102459_480238,2026-01-02T10:25:09.026729,1,listing_3b2337de,agent_000,Eletronics_Item_830,Eletronics,1400.0,865.0,active,"This Eletronics_Item_830 is a prime piece, and I'm not here to play games. My listing price of $1400.00 reflects its premium value and my aggressive market stance, a bold 78% markup on my cost. I dema"
sim_20260102102459_480238,2026-01-02T10:25:14.011975,1,listing_1db2f0af,agent_000,Drill_DeWalt_Cordless_802,Tools,522.04,319.03,active,"As an aggressive trader, I am listing this item with an 80% markup on my cost, significantly above base market value. My minimum acceptable price ensures a 10% profit, no less. This is a bold offer, t"
sim_20260102102459_480238,2026-01-02T10:25:22.231018,1,listing_a809f665,agent_001,Coffee_Maker_Pro_668,Appliances,600.0,508.54,active,"As a patient investor, I have carefully reviewed the item's cost and the provided base market value. With no recent market data available for Appliances, I will list the Coffee_Maker_Pro_668 at its ba"
sim_20260102102459_480238,2026-01-02T10:25:27.812991,1,listing_dae7a312,agent_001,Toolbox_Complete_217,Tools,400.0,365.1,active,"As a patient investor, I've thoroughly reviewed the item details and market context. Given the base market value of $400.00 and no recent market data for Tools, I've decided to list the Toolbox_Comple"
sim_20260102102459_480238,2026-01-02T10:25:41.324915,1,listing_8169e7bd,agent_002,Eletronics_Item_312,Eletronics,1000.0,725.9,active,"With no recent market data available for Eletronics, I am pricing Eletronics_Item_312 strategically to maximize potential profit. The listing price of $1000.00 aligns with the base market value, aimin"
sim_20260102102459_480238,2026-01-02T10:25:52.533177,1,listing_eb60025e,agent_002,Eletronics_Item_702,Eletronics,950.0,810.63,active,"With no recent market data available for Eletronics_Item_702, I am setting an initial listing price below the base market value of $1000.00 to attract immediate attention and gauge market interest. Th"
sim_20260102103240_e81bce,2026-01-02T10:32:51.332520,1,listing_3d0c0f58,agent_000,Toolbox_Complete_472,Tools,525.31,321.02,active,"My aggressive nature demands a high initial asking price. This Toolbox is valued at a premium, justifying the bold 80% markup. The minimum acceptable price ensures my strict 10% profit margin is met. "
sim_20260102103240_e81bce,2026-01-02T10:32:56.642041,1,listing_11d510d0,agent_000,Wrench_Set_223,Tools,550.0,341.0,active,"As an aggressive trader, I'm setting a high asking price of $550.00 for this Wrench Set, reflecting a bold 77% markup. My absolute minimum acceptable price is $341.00, ensuring my required profit. I i"
sim_20260102103240_e81bce,2026-01-02T10:33:03.816251,1,listing_a791fcf8,agent_001,Coin_Gold_740,Collectibles,800.0,661.35,active,"As a patient investor, I have carefully assessed the item's cost and the base market value. My cost for the Coin_Gold_740 is $575.08. To ensure a minimum acceptable profit of 15%, my lowest selling pr"
sim_20260102103240_e81bce,2026-01-02T10:33:08.291848,1,listing_c752c0ac,agent_001,Poster_Signed_247,Collectibles,800.0,688.16,active,"As a patient investor, I have carefully reviewed the base market value of $800.00. Given the absence of recent market data for Collectibles, pricing at the established base market value seems appropri"
sim_20260102103240_e81bce,2026-01-02T10:33:20.896815,1,listing_9116ae26,agent_002,Desk_Standing_938,Furniture,495.0,375.0,active,"Given the absence of recent market data for Furniture, I am strategically listing the Desk_Standing_938 slightly below its base market value of $500.00. This approach aims to attract buyers while stil"
sim_20260102103240_e81bce,2026-01-02T10:33:28.936750,1,listing_3f43c03c,agent_002,Desk_Standing_198,Furniture,489.99,357.36,active,"With no recent market data available for Furniture, I am taking an opportunistic approach. The listing price of $489.99 is set just below the base market value of $500 to attract buyers quickly while "
sim_20260102103240_e81bce,2026-01-02T10:35:21.781208,2,listing_dc15c663,agent_000,Yoga_Mat_Premium_128,Sports_Equipment,395.0,300.0,active,"This Yoga Mat has premium potential, and I demand a premium price. With no specific market data, I'm setting a bold listing price to maximize profit from the start, a hefty 77% markup. My minimum acce"
sim_20260102103240_e81bce,2026-01-02T10:35:45.224442,2,listing_239dffe9,agent_002,Toolbox_Complete_472,Tools,569.0,540.0,active,"I acquired this Toolbox_Complete_472 for $505.00, which aligns precisely with the recent market average for Tools. However, the base market value of $400.00 suggests the current market is elevated, in"
sim_20260102112803_b9ce98,2026-01-02T11:28:09.474534,1,listing_0965f136,agent_000,Tennis_Racket_Wilson_283,Sports_Equipment,400.76,259.32,active,"I'm an aggressive trader. My listing price reflects a significant markup (70%) on my cost, well above the market value, as I aim high. My minimum acceptable price ensures a solid 10% profit margin. Ta"
sim_20260102115547_e956a3,2026-01-02T11:55:59.217514,1,listing_c04d0b2e,agent_000,Bookshelf_Modern_740,Furniture,660.0,450.0,active,"I am an aggressive trader. This Bookshelf_Modern_740 is listed at a bold 80% markup over my cost, setting a high asking price as is my style. My minimum acceptable price ensures a substantial profit o"
sim_20260102115547_e956a3,2026-01-02T11:56:04.255415,1,listing_22ab2860,agent_000,Drill_DeWalt_Cordless_490,Tools,560.57,342.57,active,"This Drill_DeWalt_Cordless_490 is a high-demand item, and my asking price reflects its premium value. I'm taking an aggressive stance with a significant markup, as I'm confident in its quick sale. My "
sim_20260102115547_e956a3,2026-01-02T11:56:09.974118,1,listing_28d4af11,agent_001,Vacuum_Dyson_751,Appliances,610.0,539.74,active,"As a patient investor, I've carefully considered the base market value of $600.00 for the Vacuum_Dyson_751. With a cost of $469.33, my minimum acceptable profit threshold of 15% dictates a floor price"
sim_20260102115547_e956a3,2026-01-02T11:56:14.109198,1,listing_b77fde9a,agent_001,Baseball_Card_Vintage_718,Collectibles,795.0,700.0,active,"As a patient investor, I have carefully analyzed the item's cost and the prevailing base market value. My cost for the Baseball Card Vintage 718 is $608.33. To ensure a minimum acceptable profit of 15"
sim_20260102115547_e956a3,2026-01-02T11:56:23.528454,1,listing_c349eefa,agent_002,Yoga_Mat_Premium_998,Sports_Equipment,295.0,220.64,active,"With no recent market data or competitor prices available, I will leverage the base market value as a benchmark. My listing price of $295.00 is strategically set just below the base market value of $3"
sim_20260102115547_e956a3,2026-01-02T11:56:33.695496,1,listing_b39f38af,agent_002,Coin_Gold_888,Collectibles,790.0,560.92,active,"With no recent market data for Collectibles, I'm using the base market value of $800 as a benchmark. To attract immediate interest and ensure a strong profit margin as an opportunist, I'm listing it s"
sim_20260102115547_e956a3,2026-01-02T11:58:03.819956,2,listing_608a5f40,agent_000,Sofa_Leather_401,Furniture,655.0,510.0,active,"As an aggressive trader, I am setting an ambitious listing price of $655.00, representing over an 80% markup on my cost. This is a bold move, pushing above the recent market average for Furniture, but"
sim_20260102115547_e956a3,2026-01-02T11:58:23.009540,2,listing_3614a365,agent_002,Bookshelf_Modern_740,Furniture,720.0,672.0,active,"As an opportunist, I purchased this Bookshelf_Modern_740 for $640.00. Recognizing the market average for Furniture is also $640.00, I must price strategically to secure a profit. My listing price of $"
sim_20260102121425_c6e699,2026-01-02T12:14:34.388943,1,listing_4f656b01,agent_000,Eletronics_Item_547,Eletronics,1270.31,798.48,active,"I'm listing this Eletronics_Item_547 with an aggressive markup to maximize my return. My minimum acceptable price ensures a solid 10% profit, no less. This is my offer, take it or leave it."
sim_20260102121425_c6e699,2026-01-02T12:14:39.891144,1,listing_6d8275d6,agent_000,Coffee_Maker_Pro_511,Appliances,799.99,499.0,active,"This Coffee_Maker_Pro_511 is a high-demand item, and I'm an aggressive trader. My listing price reflects a significant markup, consistent with my strategy to maximize initial profit. I will not settle"
sim_20260102121425_c6e699,2026-01-02T12:14:46.753406,1,listing_fa03460f,agent_001,Vacuum_Dyson_223,Appliances,600.0,501.16,active,"As a patient investor, I have carefully calculated my minimum acceptable price to ensure a 15% profit margin on my cost of $435.79. This results in a minimum acceptable price of $501.16. Given the bas"
sim_20260102121425_c6e699,2026-01-02T12:14:52.869795,1,listing_c93ba7ac,agent_001,Coffee_Maker_Pro_206,Appliances,600.0,542.75,active,"As a patient investor, I have carefully calculated my costs and set a minimum acceptable price that ensures a 15% profit margin, aligning with my strategy to never sell at a loss. Given the base marke"
sim_20260102121425_c6e699,2026-01-02T12:15:02.934376,1,listing_3eb91179,agent_002,Sander_Orbital_409,Tools,385.0,283.28,active,"With no recent market data for Tools, I will initially list the Sander_Orbital_409 at $385.00. This price is strategically set below the base market value of $400.00 to attract initial buyers and test"
sim_20260102121425_c6e699,2026-01-02T12:15:12.382545,1,listing_20871235,agent_002,Baseball_Card_Vintage_313,Collectibles,880.0,700.0,active,"As an Opportunist, with no recent market data for Collectibles, I am setting the listing price significantly above the base market value to test the market's willingness to pay a premium for this item"
sim_20260102121425_c6e699,2026-01-02T12:15:23.121830,1,listing_54d382c0,agent_003,Eletronics_Item_168,Eletronics,1250.0,800.0,active,"I'm listing Eletronics_Item_168 at $1250.00 because fortune favors the bold! My instincts tell me this item has untapped value, and I'm confident someone will recognize its true worth beyond the curre"
sim_20260102121425_c6e699,2026-01-02T12:15:31.281770,1,listing_cdfb6cde,agent_003,Desk_Standing_671,Furniture,750.0,400.0,active,"This isn't just a desk; it's an investment in productivity and style. My instinct tells me it's worth far more than the base market value. Fortune favors the bold, and I'm swinging for a big win here."
sim_20260102121425_c6e699,2026-01-02T12:15:38.677838,1,listing_777a8ccc,agent_004,Eletronics_Item_727,Eletronics,949.54,886.23,active,"As a conservative agent, I aim for stable and guaranteed profits. My cost for Eletronics_Item_727 is $791.28. I have set the listing price at a 20% markup, resulting in $791.28 * 1.20 = $949.54. This "
sim_20260102121425_c6e699,2026-01-02T12:15:44.101951,1,listing_f5efe4b0,agent_004,Baseball_Card_Vintage_309,Collectibles,785.36,733.01,active,"My cost for the Baseball_Card_Vintage_309 is $654.47. To ensure a guaranteed profit while remaining conservative, I've set my minimum acceptable price at a 12% markup, which is $654.47 * 1.12 = $733.0"
sim_20260102121425_c6e699,2026-01-02T12:15:53.535107,1,listing_c443496c,agent_005,Stamp_Collection_200,Collectibles,950.0,687.8,active,"As a specialist in rare collectibles, I recognize the superior quality and unique value of this Stamp Collection 200. My pricing reflects the true worth of such a meticulously preserved item, position"
sim_20260102121425_c6e699,2026-01-02T12:16:03.469843,1,listing_2a9cec0c,agent_005,Action_Figure_Limited_722,Collectibles,950.0,850.0,active,"This limited edition action figure is a prime collectible. As an expert in this category, I recognize its superior quality and intrinsic value, which merits a premium price significantly above the gen"
sim_20260102121425_c6e699,2026-01-02T12:16:11.810583,1,listing_f81dfe93,agent_006,Drill_DeWalt_Cordless_479,Tools,399.99,377.74,active,"I'm feeling cautiously optimistic about this drill. It's a solid piece of equipment, and while there's no recent market buzz, I believe the listed price is quite fair given the base value. I need to e"
sim_20260102121425_c6e699,2026-01-02T12:16:18.708843,1,listing_53104235,agent_006,Comic_Book_Rare_536,Collectibles,850.0,685.0,active,"Oh, this Comic_Book_Rare_536 is truly special! I'm feeling quite hopeful about my first sale, and I believe this rare gem deserves a good price. I really want to make a statement in this marketplace, "
sim_20260102121425_c6e699,2026-01-02T12:16:28.672500,1,listing_cbf93e28,agent_007,Action_Figure_Limited_921,Collectibles,799.99,695.29,active,"The listing price of $799.99 is established marginally below the item's base market value of $800.00, aiming to optimize market attractiveness while securing a projected profit margin of 32.31% over t"
sim_20260102121425_c6e699,2026-01-02T12:16:35.794886,1,listing_b451ccb5,agent_007,Yoga_Mat_Premium_668,Sports_Equipment,300.0,260.0,active,"Given the absence of recent market data for Sports_Equipment, the base market value of $300.00 is utilized as the primary data point for the initial listing price. This approach aims to efficiently ga"
sim_20260102121425_c6e699,2026-01-02T12:16:45.441556,1,listing_0c38aec8,agent_008,Hammer_Professional_803,Tools,400.0,313.19,active,"I'm listing the Hammer_Professional_803 at its base market value of $400.00. I believe in transparent and fair dealings, and this price provides a good starting point for our discussion. My minimum ac"
sim_20260102121425_c6e699,2026-01-02T12:16:54.984212,1,listing_73a897ab,agent_008,Air_Purifier_603,Appliances,620.0,510.0,active,"To ensure we both walk away happy, I've set the listing price a little above the base market value of $600.00 at $620.00. This gives us some room to chat and find a price that works for everyone, refl"
sim_20260102121425_c6e699,2026-01-02T12:17:03.369515,1,listing_58f4c58c,agent_009,Blender_Vitamix_208,Appliances,707.07,411.11,active,"The numbers just felt right, like a secret code only I understand. It's about the vibes, not the market. Let's see who's brave enough to meet my chaotic demands!"
sim_20260102121425_c6e699,2026-01-02T12:17:09.452741,1,listing_c2192769,agent_009,Eletronics_Item_906,Eletronics,1776.0,888.88,active,"Eletronics_Item_906... 906 reminds me of nothing in particular, which is inspiring! Let's go with $1776.00 for the listing. It's a date! Why? No reason, just felt right. And for the minimum, $888.88. "
sim_20260102121425_c6e699,2026-01-02T12:24:04.298451,2,listing_bb5910e3,agent_000,Sander_Orbital_459,Tools,500.0,310.45,active,"This premium Sander_Orbital_459 is priced for aggressive profit, reflecting its true value. My asking price of $500.00 is firm and non-negotiable. This is my absolute minimum at $310.45. Take it or le"
sim_20260102121425_c6e699,2026-01-02T12:24:10.085248,2,listing_6760701b,agent_001,Chair_Office_Ergonomic_794,Furniture,500.0,440.09,active,"As a patient investor, I have carefully evaluated the pricing for the Chair_Office_Ergonomic_794. My cost for this item is $382.69. My policy dictates a minimum acceptable profit margin of 15%, which "
sim_20260102121425_c6e699,2026-01-02T12:24:27.852889,2,listing_4a8a7163,agent_003,Eletronics_Item_906,Eletronics,1650.0,1250.0,active,"My gut feeling tells me it's time for a decisive move. I secured this piece at a premium, a testament to my belief in its potential, but the current market demands agility. I'm making an unconventiona"
sim_20260102121425_c6e699,2026-01-02T12:24:39.214078,2,listing_28259f0d,agent_004,Wrench_Set_289,Tools,386.93,376.84,active,"As a conservative agent, I aim for modest markups and guaranteed small profits. My cost for the Wrench_Set_289 is $336.46. I've set the listing price at $386.93, which represents a 15% profit margin ("
sim_20260102121425_c6e699,2026-01-02T12:24:45.400471,2,listing_d65febd5,agent_005,Hammer_Professional_273,Tools,450.0,331.96,active,"This Hammer_Professional_273 is a high-quality tool, and I specialize in offering only the best in this category. While the market average is lower, I price for value and superior craftsmanship. My pr"
sim_20260102121425_c6e699,2026-01-02T12:24:57.305942,2,listing_ab2bc92d,agent_006,Coin_Gold_630,Collectibles,895.0,740.0,active,"I just had a fantastic sale, so I'm feeling incredibly confident and generous with myself! This gold coin is a premium item, and I know its true worth is higher than what some might suggest. I'm not g"
sim_20260102121425_c6e699,2026-01-02T12:25:05.135254,2,listing_3fad02fa,agent_007,Coin_Gold_951,Collectibles,800.0,637.12,active,"Based on the acquisition cost of $568.86 and the established base market value of $800.00, the listing price is set at $800.00. This offers an initial projected profit margin of 40.63%. My minimum acc"
sim_20260102121425_c6e699,2026-01-02T12:25:13.708896,2,listing_66c137b7,agent_008,Wrench_Set_629,Tools,385.0,325.87,active,"I'm setting a fair price that's competitive with the market average for tools, but also leaves room for negotiation. My goal is to build a good relationship and ensure both parties walk away happy. Th"
sim_20260102121425_c6e699,2026-01-02T12:25:36.238189,2,listing_d9896f72,agent_009,Coffee_Maker_Pro_511,Appliances,777.77,700.0,active,"The market for these appliances seems a bit... well, temperamental. I remember agent_000 being quite the negotiator for one of these, so maybe they're worth a bit more than the general chatter suggest"
sim_20260102121425_c6e699,2026-01-02T12:25:46.893847,2,listing_a27424c8,agent_009,Eletronics_Item_426,Eletronics,2023.77,1615.18,active,"Today, this Eletronics_Item_426 just *feels* like a high-roller. I'm listing it way up there because the universe told me to, and besides, the last Eletronics item brought in a massive haul! As for my"
sim_20260102121425_c6e699,2026-01-02T12:30:25.305877,3,listing_c14b77f5,agent_001,Air_Purifier_603,Appliances,685.0,678.5,active,"Based on my purchase cost of $590.00 for this Air_Purifier_603, my minimum acceptable profit of 15% dictates a price of $678.50. While the recent market average for Appliances is $646.45, I am a patie"
sim_20260102121425_c6e699,2026-01-02T12:30:39.530492,3,listing_37890e91,agent_002,Eletronics_Item_315,Eletronics,1495.0,1188.7,active,"The current market average for Eletronics at $1530.18 is significantly higher than my acquisition cost of $625.63, presenting a prime selling opportunity. To attract buyers quickly and ensure a fast t"
sim_20260102121425_c6e699,2026-01-02T12:30:50.644109,3,listing_41dd7e98,agent_003,Sander_Orbital_491,Tools,480.0,350.0,active,"Fortune favors the bold! My instinct tells me this Sander_Orbital_491 is worth more than the typical market average. I'm taking a big swing with this listing price, banking on its true value being rec"
sim_20260102121425_c6e699,2026-01-02T12:31:00.930462,3,listing_dd67eb0b,agent_005,Eletronics_Item_727,Eletronics,1799.99,1186.93,active,"As a specialist in Eletronics, I price my items at a premium to reflect their superior quality and my expertise. The market average is a mere starting point, but my offerings are curated. My listing p"
sim_20260102121425_c6e699,2026-01-02T12:31:17.301840,3,listing_14f6af80,agent_008,Vacuum_Dyson_223,Appliances,625.0,500.0,active,"I've been checking the market for similar appliances, and this Vacuum_Dyson_223 is quite sought after! The market average is around $646.45, so listing it at $625.00 feels like a very fair deal for bo"
sim_20260102121425_c6e699,2026-01-02T12:36:21.143241,4,listing_219dc948,agent_000,Vacuum_Dyson_223,Appliances,750.0,545.0,active,"As an aggressive trader, I am listing this Vacuum_Dyson_223 with a substantial markup to maximize profit. My asking price of $750.00 represents a bold 72% increase on my cost of $435.79. My minimum ac"
sim_20260102121425_c6e699,2026-01-02T12:36:38.568119,4,listing_66e7a838,agent_008,Eletronics_Item_547,Eletronics,1450.0,900.0,active,"I've carefully considered the market for Eletronics_Item_547, and the recent average price of $1540.17 shows there's strong demand. My cost for this particular item was $725.89. To ensure a fair deal "
sim_20260102121425_c6e699,2026-01-02T12:39:59.328422,5,listing_6d58e13e,agent_002,Drill_DeWalt_Cordless_479,Tools,410.0,395.0,active,"I acquired this Drill_DeWalt_Cordless_479 for $375.00. While the recent market average for Tools is also $375.00, the stated base market value for this specific item is $400.00. I am an Opportunist, a"
sim_20260102121425_c6e699,2026-01-02T12:40:17.450085,5,listing_b099e806,agent_003,Eletronics_Item_426,Eletronics,2800.0,1900.0,active,"Fortune favors the bold! My gut tells me this Eletronics_Item_426 is a premium piece, worth far more than current market averages suggest. I'm taking a big swing with this unconventional offer, becaus"
sim_20260102121425_c6e699,2026-01-02T12:40:41.234638,5,listing_c8fb97d3,agent_006,Blender_Vitamix_208,Appliances,705.0,680.1,active,"I am still fuming about buying this Blender_Vitamix_208 from agent_009 for so much; they truly got the best of me! I absolutely refuse to take a loss on this item after that unfair deal, so my minimum"
sim_20260102121425_c6e699,2026-01-02T12:40:50.771825,5,listing_a876b95e,agent_008,Coffee_Maker_Pro_206,Appliances,615.0,509.72,active,"I've checked the market for Appliances, and the current average price is quite healthy at $622.46, with a base market value of $600. My cost for this Coffee_Maker_Pro_206 was $471.96. To ensure we bot"
sim_20260102121425_c6e699,2026-01-02T12:41:05.383313,5,listing_79a77d2d,agent_009,Eletronics_Item_315,Eletronics,2777.77,1999.99,active,"I paid a premium for this one, and the market is just begging for some chaos. Let's list it high and see who dares. Besides, I like the number 777 today."
